                  epoch,         train/box_loss,         train/cls_loss,         train/dfl_loss,   metrics/precision(B),      metrics/recall(B),       metrics/mAP50(B),    metrics/mAP50-95(B),           val/box_loss,           val/cls_loss,           val/dfl_loss,                 lr/pg0,                 lr/pg1,                 lr/pg2
                      1,                 1.6921,                 3.4456,                 1.9344,                0.57305,                0.17754,                0.26248,                0.12187,                 1.8888,                 3.3207,                 2.1755,             0.00065833,             0.00065833,             0.00065833
                      2,                 1.6941,                 2.8298,                 1.8985,                0.18923,                 0.2314,                0.10973,                0.03644,                 2.1945,                 11.122,                  2.866,              0.0012988,              0.0012988,              0.0012988
                      3,                 1.7869,                 2.6667,                 2.0042,                0.32957,                0.35346,                0.21452,                0.10436,                 1.9375,                 4.4318,                 2.3132,              0.0019128,              0.0019128,              0.0019128
                      4,                  1.714,                    2.4,                  1.899,                0.40195,                0.47215,                0.40857,                0.20694,                 1.8214,                 4.5201,                 2.2801,              0.0018812,              0.0018812,              0.0018812
                      5,                 1.7204,                  2.143,                  1.895,                0.56673,                0.42975,                0.43307,                0.21551,                 1.9634,                 2.6044,                 2.2199,              0.0018812,              0.0018812,              0.0018812
                      6,                 1.6777,                 2.0059,                 1.8719,                0.59507,                0.52066,                0.54056,                0.30928,                 1.6875,                 1.7558,                 1.8276,              0.0018416,              0.0018416,              0.0018416
                      7,                 1.6001,                 1.8769,                 1.7957,                0.85258,                0.52579,                0.65328,                0.40111,                 1.5563,                  1.615,                 1.7566,               0.001802,               0.001802,               0.001802
                      8,                 1.5731,                  1.767,                 1.7729,                0.71698,                0.64905,                0.71931,                0.43773,                 1.5111,                 1.5426,                 1.7165,              0.0017624,              0.0017624,              0.0017624
                      9,                 1.5461,                 1.7042,                 1.7463,                0.70144,                0.66116,                0.65479,                0.39123,                 1.5171,                 1.6916,                 1.6971,              0.0017228,              0.0017228,              0.0017228
                     10,                 1.4904,                  1.615,                 1.7054,                0.88703,                0.54545,                0.69507,                0.42608,                 1.5358,                 1.4603,                 1.7257,              0.0016832,              0.0016832,              0.0016832
                     11,                 1.5091,                 1.6166,                  1.697,                0.78722,                0.66942,                0.74643,                 0.4748,                 1.5036,                 1.3538,                  1.656,              0.0016436,              0.0016436,              0.0016436
                     12,                 1.4661,                 1.5473,                 1.6791,                0.80502,                0.64834,                0.76063,                0.47342,                 1.4815,                 1.3282,                 1.6365,               0.001604,               0.001604,               0.001604
                     13,                 1.4418,                 1.5615,                 1.6629,                0.67698,                0.54545,                0.52022,                0.29148,                 1.6363,                 1.8532,                 1.8646,              0.0015644,              0.0015644,              0.0015644
                     14,                 1.3833,                  1.457,                 1.6353,                0.88315,                0.67769,                0.79246,                0.51071,                 1.3534,                 1.2085,                 1.5427,              0.0015248,              0.0015248,              0.0015248
                     15,                 1.3228,                 1.4058,                  1.561,                0.82592,                0.71074,                0.79243,                0.47574,                 1.5597,                 1.2898,                 1.6369,              0.0014852,              0.0014852,              0.0014852
                     16,                 1.3698,                  1.384,                 1.5931,                0.80943,                0.70204,                0.79138,                0.51296,                 1.3847,                  1.174,                 1.5672,              0.0014456,              0.0014456,              0.0014456
                     17,                 1.3552,                 1.3866,                  1.587,                 0.7699,                0.69131,                0.75462,                0.46977,                 1.5345,                 1.3193,                 1.6876,               0.001406,               0.001406,               0.001406
                     18,                 1.3153,                 1.3196,                 1.5731,                0.90579,                0.71517,                0.80441,                0.52179,                 1.3903,                 1.2169,                 1.5837,              0.0013664,              0.0013664,              0.0013664
                     19,                 1.3096,                 1.3156,                 1.5437,                0.88561,                0.70387,                0.81395,                0.48491,                  1.521,                 1.1933,                 1.6351,              0.0013268,              0.0013268,              0.0013268
                     20,                 1.2906,                 1.2892,                 1.5386,                0.82489,                0.70076,                0.79297,                 0.4979,                 1.3745,                 1.3443,                 1.5869,              0.0012872,              0.0012872,              0.0012872
                     21,                 1.2772,                 1.3404,                 1.5387,                0.67499,                0.70373,                0.72503,                0.45413,                 1.5054,                 1.3007,                 1.7958,              0.0012476,              0.0012476,              0.0012476
                     22,                 1.2889,                 1.2896,                 1.5174,                0.74018,                0.75342,                0.79919,                0.55252,                 1.2874,                 1.1199,                 1.4487,               0.001208,               0.001208,               0.001208
                     23,                 1.2733,                 1.2767,                 1.5262,                0.77116,                0.73554,                 0.7946,                0.55596,                 1.2887,                 1.1487,                 1.4623,              0.0011684,              0.0011684,              0.0011684
                     24,                 1.2207,                 1.2295,                 1.5195,                0.84298,                0.70248,                0.79947,                0.50372,                 1.4033,                 1.1458,                 1.5696,              0.0011288,              0.0011288,              0.0011288
                     25,                 1.2692,                 1.2208,                 1.5063,                0.91454,                0.70751,                0.82818,                0.55141,                 1.2817,                 1.0041,                  1.439,              0.0010892,              0.0010892,              0.0010892
                     26,                 1.2146,                 1.2086,                 1.4841,                0.85882,                0.80165,                0.84613,                0.57327,                 1.2879,                0.98821,                 1.4616,              0.0010496,              0.0010496,              0.0010496
                     27,                  1.264,                 1.2135,                 1.5097,                0.90604,                0.71725,                0.82128,                0.54002,                 1.3384,                 1.0599,                 1.4648,                0.00101,                0.00101,                0.00101
                     28,                 1.2541,                  1.181,                 1.5066,                0.83036,                0.72727,                0.81768,                0.54342,                 1.3226,                 1.0599,                 1.4498,              0.0009704,              0.0009704,              0.0009704
                     29,                 1.2614,                 1.2267,                 1.5188,                0.91328,                0.67769,                 0.8259,                0.56322,                 1.2513,                 1.0529,                 1.4084,              0.0009308,              0.0009308,              0.0009308
                     30,                 1.2054,                 1.1372,                  1.468,                0.82701,                 0.7438,                0.81796,                0.54041,                 1.2703,                  1.016,                 1.4205,              0.0008912,              0.0008912,              0.0008912
                     31,                 1.1585,                 1.1138,                 1.4383,                0.92384,                 0.7018,                 0.8251,                0.52716,                 1.4647,                 1.1165,                 1.5834,              0.0008516,              0.0008516,              0.0008516
                     32,                 1.2249,                 1.1422,                 1.4955,                0.86685,                 0.7686,                0.83884,                0.54258,                 1.3368,                 1.0877,                 1.4616,               0.000812,               0.000812,               0.000812
                     33,                 1.1695,                  1.092,                 1.4663,                0.82416,                0.80165,                 0.8472,                0.53744,                 1.3606,                 1.0085,                 1.4876,              0.0007724,              0.0007724,              0.0007724
                     34,                 1.1583,                 1.0889,                 1.4482,                0.87782,                0.77192,                0.85048,                0.56385,                 1.3046,                0.99551,                 1.4476,              0.0007328,              0.0007328,              0.0007328
                     35,                 1.1481,                 1.0583,                 1.4178,                0.93785,                0.74835,                0.83482,                0.55955,                  1.279,                 1.0399,                 1.4604,              0.0006932,              0.0006932,              0.0006932
                     36,                 1.1291,                 1.0728,                 1.4187,                0.86413,                0.73585,                0.84352,                0.56497,                 1.2835,                 0.9827,                 1.4607,              0.0006536,              0.0006536,              0.0006536
